Name,Exchange,LotAmount,Pip,PipCost,Margin,Product,Symbol
reliance,NSE,1,0.05,0.05,-5,MIS,RELIANCE
tcs,NSE,1,0.05,0.05,-5,MIS,TCS
infy,NSE,1,0.05,0.05,-5,MIS,INFY
hdfcbank,NSE,1,0.05,0.05,-5,MIS,HDFCBANK
icicibank,NSE,1,0.05,0.05,-5,MIS,ICICIBANK
sbin,NSE,1,0.05,0.05,-5,MIS,SBIN
axisbank,NSE,1,0.05,0.05,-5,MIS,AXISBANK
kotakbank,NSE,1,0.05,0.05,-5,MIS,KOTAKBANK
indusindbk,NSE,1,0.05,0.05,-5,MIS,INDUSINDBK
bankbaroda,NSE,1,0.01,0.01,-5,MIS,BANKBARODA
bankbees,NSE,1,0.05,0.05,-5,MIS,BANKBEES
mm,NSE,1,0.05,0.05,-5,MIS,M&M
bajajauto,NSE,1,0.05,0.05,-5,MIS,BAJAJ-AUTO
gvtd,NSE,1,0.05,0.05,-5,MIS,GVT&D
namindia,NSE,1,0.05,0.05,-5,MIS,NAM-INDIA
nifty50,NSE_INDEX,1,0.05,0.05,-5,MIS,NIFTY
niftybank,NSE_INDEX,1,0.05,0.05,-5,MIS,BANKNIFTY
sensex,BSE_INDEX,1,0.05,0.05,-5,MIS,SENSEX
crudeoilm26julfut,MCX,100,1,1,-5,MIS,CRUDEOIL19NOV26FUT
 
